Company,Dividend Declared (Rs/Share),Dividend Payout %,Classification,CMP,FY,Announcement Date,Market Cap,Source
Kalyani Investment Company Ltd,10.0,8.5,First Ever Dividend Since Listing,5293.0,FY2027,2026-08-14,"Rs 2,305 Cr","BSE Corporate Actions — scrip 533302, ex-date 2026-08-14 (https://www.bseindia.com/corporates/corporate_act.aspx)"
Antony Waste Handling Cell Ltd,0.5,10.6,First Ever Dividend Since Listing,389.0,FY2027,2026-08-13,"Rs 1,104 Cr","BSE Corporate Actions — scrip 543254, ex-date 2026-08-13 (https://www.bseindia.com/corporates/corporate_act.aspx)"
Gujarat Poly Electronics Ltd,0.5,1.5,First Ever Dividend Since Listing,73.45,FY2027,2026-07-17,N/A,"BSE Corporate Actions — scrip 517288, ex-date 2026-07-17 (https://www.bseindia.com/corporates/corporate_act.aspx)"
Soma Textiles & Industries Ltd,0.5,16.8,First Ever Dividend Since Listing,98.7,FY2027,2026-07-17,Rs 326 Cr,"BSE Corporate Actions — scrip 521034, ex-date 2026-07-17 (https://www.bseindia.com/corporates/corporate_act.aspx)"
Suryoday Small Finance Bank Ltd,1.5,8.3,First Ever Dividend Since Listing,185.25,FY2027,2026-07-17,"Rs 1,969 Cr","BSE Corporate Actions — scrip 543279, ex-date 2026-07-17 (https://www.bseindia.com/corporates/corporate_act.aspx)"
Sheela Foam Ltd,1.0,7.6,First Ever Dividend Since Listing,766.0,FY2027,2026-07-09,"Rs 8,365 Cr","BSE Corporate Actions — scrip 540203, ex-date 2026-07-09 (https://www.bseindia.com/corporates/corporate_act.aspx)"
BF Investment Ltd,10.0,25.7,First Ever Dividend Since Listing,458.7,FY2027,2026-07-03,"Rs 1,727 Cr","BSE Corporate Actions — scrip 533303, ex-date 2026-07-03 (https://www.bseindia.com/corporates/corporate_act.aspx)"
Technojet Consultants Ltd,87.0,N/A,First Ever Dividend Since Listing,99.54,FY2027,2026-06-12,N/A,"BSE Corporate Actions — scrip 509917, ex-date 2026-06-12 (https://www.bseindia.com/corporates/corporate_act.aspx)"
Oseaspre Consultants Ltd,87.0,N/A,First Ever Dividend Since Listing,17.95,FY2027,2026-06-12,N/A,"BSE Corporate Actions — scrip 509782, ex-date 2026-06-12 (https://www.bseindia.com/corporates/corporate_act.aspx)"
Stratmont Industries Ltd,0.1,9.2,First Ever Dividend Since Listing,57.1,FY2026,2026-02-26,N/A,"BSE Corporate Actions — scrip 530495, ex-date 2026-02-26 (https://www.bseindia.com/corporates/corporate_act.aspx)"
Bhaskar Agrochemicals Ltd,1.0,11.3,First Ever Dividend Since Listing,122.3,FY2026,2026-02-18,N/A,"BSE Corporate Actions — scrip 524534, ex-date 2026-02-18 (https://www.bseindia.com/corporates/corporate_act.aspx)"
B2B Software Technologies Ltd,1.0,74.1,First Ever Dividend Since Listing,27.86,FY2026,2026-02-06,N/A,"BSE Corporate Actions — scrip 531268, ex-date 2026-02-06 (https://www.bseindia.com/corporates/corporate_act.aspx)"
Aryavan Enterprise Ltd,0.5,10.3,First Ever Dividend Since Listing,62.04,FY2026,2025-11-28,N/A,"BSE Corporate Actions — scrip 539455, ex-date 2025-11-28 (https://www.bseindia.com/corporates/corporate_act.aspx)"
Mobavenue AI Tech Ltd,0.5,102.0,First Ever Dividend Since Listing,297.1,FY2026,2025-11-21,N/A,"BSE Corporate Actions — scrip 539682, ex-date 2025-11-21 (https://www.bseindia.com/corporates/corporate_act.aspx)"
Supra Pacific Financial Services Ltd,0.2,12.5,First Ever Dividend Since Listing,33.25,FY2026,2025-11-21,N/A,"BSE Corporate Actions — scrip 540168, ex-date 2025-11-21 (https://www.bseindia.com/corporates/corporate_act.aspx)"
HCP Plastene Bulkpack Ltd,1.0,6.2,First Ever Dividend Since Listing,180.0,FY2026,2025-11-14,N/A,"BSE Corporate Actions — scrip 526717, ex-date 2025-11-14 (https://www.bseindia.com/corporates/corporate_act.aspx)"
Elitecon International Ltd,0.05,12.8,First Ever Dividend Since Listing,15.98,FY2026,2025-11-12,"Rs 2,554 Cr","BSE Corporate Actions — scrip 539533, ex-date 2025-11-12 (https://www.bseindia.com/corporates/corporate_act.aspx)"
Chalet Hotels Ltd,1.0,3.3,First Ever Dividend Since Listing,846.6,FY2026,2025-11-11,"Rs 18,540 Cr","BSE Corporate Actions — scrip 542399, ex-date 2025-11-11 (https://www.bseindia.com/corporates/corporate_act.aspx)"
Deep Health AI India Ltd,0.1,111.1,First Ever Dividend Since Listing,2.1,FY2026,2025-11-07,N/A,"BSE Corporate Actions — scrip 539559, ex-date 2025-11-07 (https://www.bseindia.com/corporates/corporate_act.aspx)"
Spright Agro Ltd,0.01,N/A,First Ever Dividend Since Listing,0.45,FY2026,2025-09-26,N/A,"BSE Corporate Actions — scrip 531205, ex-date 2025-09-26 (https://www.bseindia.com/corporates/corporate_act.aspx)"
A B Infrabuild Ltd,0.05,16.7,First Ever Dividend Since Listing,10.2,FY2026,2025-09-22,Rs 652 Cr,"BSE Corporate Actions — scrip 544281, ex-date 2025-09-22 (https://www.bseindia.com/corporates/corporate_act.aspx)"
Fischer Medical Ventures Ltd,0.005,N/A,First Ever Dividend Since Listing,37.65,FY2026,2025-09-22,"Rs 2,464 Cr","BSE Corporate Actions — scrip 524743, ex-date 2025-09-22 (https://www.bseindia.com/corporates/corporate_act.aspx)"
Jonjua Overseas Ltd,0.1,10.1,First Ever Dividend Since Listing,3.53,FY2026,2025-09-19,N/A,"BSE Corporate Actions — scrip 542446, ex-date 2025-09-19 (https://www.bseindia.com/corporates/corporate_act.aspx)"
Sanjivani Paranteral Ltd,0.5,8.9,First Ever Dividend Since Listing,151.75,FY2026,2025-09-19,N/A,"BSE Corporate Actions — scrip 531569, ex-date 2025-09-19 (https://www.bseindia.com/corporates/corporate_act.aspx)"
JMJ Fintech Ltd,0.25,12.6,First Ever Dividend Since Listing,8.9,FY2026,2025-09-18,N/A,"BSE Corporate Actions — scrip 538834, ex-date 2025-09-18 (https://www.bseindia.com/corporates/corporate_act.aspx)"
Flomic Global Logistics Ltd,0.1,58.8,First Ever Dividend Since Listing,47.7,FY2026,2025-09-17,N/A,"BSE Corporate Actions — scrip 504380, ex-date 2025-09-17 (https://www.bseindia.com/corporates/corporate_act.aspx)"
Synergy Green Industries Ltd,1.0,33.3,First Ever Dividend Since Listing,595.5,FY2026,2025-09-17,Rs 926 Cr,"BSE Corporate Actions — scrip 541929, ex-date 2025-09-17 (https://www.bseindia.com/corporates/corporate_act.aspx)"
Axis Solutions Ltd,0.5,8.2,First Ever Dividend Since Listing,349.75,FY2026,2025-09-16,N/A,"BSE Corporate Actions — scrip 511144, ex-date 2025-09-16 (https://www.bseindia.com/corporates/corporate_act.aspx)"
Continental Securities Ltd,0.05,6.9,First Ever Dividend Since Listing,12.76,FY2026,2025-09-15,N/A,"BSE Corporate Actions — scrip 538868, ex-date 2025-09-15 (https://www.bseindia.com/corporates/corporate_act.aspx)"
ZR2 Bioenergy Ltd,0.1,4.4,First Ever Dividend Since Listing,114.65,FY2026,2025-09-10,N/A,"BSE Corporate Actions — scrip 506640, ex-date 2025-09-10 (https://www.bseindia.com/corporates/corporate_act.aspx)"
R M Drip and Sprinklers Systems Ltd,0.5,61.0,First Ever Dividend Since Listing,18.46,FY2026,2025-09-08,Rs 790 Cr,"BSE Corporate Actions — scrip 544456, ex-date 2025-09-08 (https://www.bseindia.com/corporates/corporate_act.aspx)"
Lex Nimble Solutions Ltd,1.0,39.7,First Ever Dividend Since Listing,83.16,FY2026,2025-09-04,N/A,"BSE Corporate Actions — scrip 541196, ex-date 2025-09-04 (https://www.bseindia.com/corporates/corporate_act.aspx)"
Emami Paper Mills Ltd,1.6,10.3,First Ever Dividend Since Listing,111.81,FY2026,2025-08-26,Rs 676 Cr,"BSE Corporate Actions — scrip 533208, ex-date 2025-08-26 (https://www.bseindia.com/corporates/corporate_act.aspx)"
iStreet Network Ltd,0.1,14.1,First Ever Dividend Since Listing,47.25,FY2026,2025-08-22,N/A,"BSE Corporate Actions — scrip 524622, ex-date 2025-08-22 (https://www.bseindia.com/corporates/corporate_act.aspx)"
Amal Ltd,1.0,18.2,First Ever Dividend Since Listing,777.9,FY2026,2025-08-14,N/A,"BSE Corporate Actions — scrip 506597, ex-date 2025-08-14 (https://www.bseindia.com/corporates/corporate_act.aspx)"
Kalind Ltd,1.0,44.6,First Ever Dividend Since Listing,11.04,FY2026,2025-08-14,N/A,"BSE Corporate Actions — scrip 526935, ex-date 2025-08-14 (https://www.bseindia.com/corporates/corporate_act.aspx)"
Zinema Media And Entertainment Ltd,0.05,6.9,First Ever Dividend Since Listing,18.5,FY2026,2025-08-14,N/A,"BSE Corporate Actions — scrip 538579, ex-date 2025-08-14 (https://www.bseindia.com/corporates/corporate_act.aspx)"
Tainwala Chemicals and Plastics (India) Ltd,3.0,26.0,First Ever Dividend Since Listing,202.4,FY2026,2025-08-11,Rs 189 Cr,"BSE Corporate Actions — scrip 507785, ex-date 2025-08-11 (https://www.bseindia.com/corporates/corporate_act.aspx)"
East India Drums and Barrels Manufacturing Ltd,1.0,31.6,First Ever Dividend Since Listing,96.5,FY2026,2025-08-06,N/A,"BSE Corporate Actions — scrip 523874, ex-date 2025-08-06 (https://www.bseindia.com/corporates/corporate_act.aspx)"
Enbee Trade & Finance Ltd,0.01,5.6,First Ever Dividend Since Listing,0.28,FY2026,2025-06-26,N/A,"BSE Corporate Actions — scrip 512441, ex-date 2025-06-26 (https://www.bseindia.com/corporates/corporate_act.aspx)"
Shyamkamal Investments Ltd,0.2,222.2,First Ever Dividend Since Listing,12.74,FY2026,2025-05-29,N/A,"BSE Corporate Actions — scrip 505515, ex-date 2025-05-29 (https://www.bseindia.com/corporates/corporate_act.aspx)"
Odyssey Technologies Ltd,1.0,39.7,First Ever Dividend Since Listing,42.0,FY2026,2025-05-21,N/A,"BSE Corporate Actions — scrip 530175, ex-date 2025-05-21 (https://www.bseindia.com/corporates/corporate_act.aspx)"
Narmada Macplast Drip Irrigation Systems Ltd,0.1,21.7,First Ever Dividend Since Listing,20.1,FY2026,2025-05-16,N/A,"BSE Corporate Actions — scrip 517431, ex-date 2025-05-16 (https://www.bseindia.com/corporates/corporate_act.aspx)"
Colab Platforms Ltd,0.01,4.3,First Ever Dividend Since Listing,140.5,FY2026,2025-04-24,N/A,"BSE Corporate Actions — scrip 542866, ex-date 2025-04-24 (https://www.bseindia.com/corporates/corporate_act.aspx)"
Authum Investment & Infrastructure Ltd,1.0,4.1,First Ever Dividend Since Listing,554.2,FY2025,2025-03-27,"Rs 46,852 Cr","BSE Corporate Actions — scrip 539177, ex-date 2025-03-27 (https://www.bseindia.com/corporates/corporate_act.aspx)"
Aayush Wellness Ltd,0.01,1.2,First Ever Dividend Since Listing,23.45,FY2025,2025-03-03,N/A,"BSE Corporate Actions — scrip 539528, ex-date 2025-03-03 (https://www.bseindia.com/corporates/corporate_act.aspx)"
Artemis Electricals and Projects Ltd,0.005,1.4,First Ever Dividend Since Listing,15.11,FY2025,2025-02-17,Rs 379 Cr,"BSE Corporate Actions — scrip 542670, ex-date 2025-02-17 (https://www.bseindia.com/corporates/corporate_act.aspx)"
GTV Engineering Ltd,0.5,16.5,First Ever Dividend Since Listing,69.31,FY2025,2025-02-05,N/A,"BSE Corporate Actions — scrip 539479, ex-date 2025-02-05 (https://www.bseindia.com/corporates/corporate_act.aspx)"
Mangalam Industrial Finance Ltd,0.01,N/A,First Ever Dividend Since Listing,0.61,FY2025,2025-01-28,N/A,"BSE Corporate Actions — scrip 537800, ex-date 2025-01-28 (https://www.bseindia.com/corporates/corporate_act.aspx)"
Vantage Knowledge Academy Ltd,0.1,N/A,First Ever Dividend Since Listing,0.89,FY2025,2025-01-17,N/A,"BSE Corporate Actions — scrip 539761, ex-date 2025-01-17 (https://www.bseindia.com/corporates/corporate_act.aspx)"
Padam Cotton Yarns Ltd,1.0,200.0,First Ever Dividend Since Listing,0.95,FY2025,2024-11-27,N/A,"BSE Corporate Actions — scrip 531395, ex-date 2024-11-27 (https://www.bseindia.com/corporates/corporate_act.aspx)"
Julien Agro Infratech Ltd,0.05,166.7,First Ever Dividend Since Listing,1.28,FY2025,2024-10-31,N/A,"BSE Corporate Actions — scrip 536073, ex-date 2024-10-31 (https://www.bseindia.com/corporates/corporate_act.aspx)"
Blue Cloud Softech Solutions Ltd,0.02,3.4,First Ever Dividend Since Listing,19.95,FY2025,2024-10-11,N/A,"BSE Corporate Actions — scrip 539607, ex-date 2024-10-11 (https://www.bseindia.com/corporates/corporate_act.aspx)"
Shraddha Prime Projects Ltd,0.2,1.5,First Ever Dividend Since Listing,159.0,FY2025,2024-10-09,N/A,"BSE Corporate Actions — scrip 531771, ex-date 2024-10-09 (https://www.bseindia.com/corporates/corporate_act.aspx)"
PG Electroplast Ltd,0.2,4.6,First Ever Dividend Since Listing,578.3,FY2025,2024-09-23,"Rs 16,633 Cr","BSE Corporate Actions — scrip 533581, ex-date 2024-09-23 (https://www.bseindia.com/corporates/corporate_act.aspx)"
One Global Service Provider Ltd,1.0,2.8,First Ever Dividend Since Listing,592.5,FY2025,2024-09-23,N/A,"BSE Corporate Actions — scrip 514330, ex-date 2024-09-23 (https://www.bseindia.com/corporates/corporate_act.aspx)"
Meghna Infracon Infrastructure Ltd,0.1,4.0,First Ever Dividend Since Listing,737.4,FY2025,2024-09-13,N/A,"BSE Corporate Actions — scrip 538668, ex-date 2024-09-13 (https://www.bseindia.com/corporates/corporate_act.aspx)"
HBG Hotels Ltd,0.25,16.8,First Ever Dividend Since Listing,84.6,FY2025,2024-09-06,N/A,"BSE Corporate Actions — scrip 537839, ex-date 2024-09-06 (https://www.bseindia.com/corporates/corporate_act.aspx)"
Omnitex Industries India Ltd,8.0,N/A,First Ever Dividend Since Listing,754.8,FY2025,2024-08-20,N/A,"BSE Corporate Actions — scrip 514324, ex-date 2024-08-20 (https://www.bseindia.com/corporates/corporate_act.aspx)"
CreditAccess Grameen Ltd,10.0,13.2,First Ever Dividend Since Listing,1598.0,FY2025,2024-07-26,"Rs 25,396 Cr","BSE Corporate Actions — scrip 541770, ex-date 2024-07-26 (https://www.bseindia.com/corporates/corporate_act.aspx)"
VMS Industries Ltd,0.5,83.3,First Ever Dividend Since Listing,21.21,FY2025,2024-07-12,N/A,"BSE Corporate Actions — scrip 533427, ex-date 2024-07-12 (https://www.bseindia.com/corporates/corporate_act.aspx)"
Ceenik Exports India Ltd,1.0,N/A,First Ever Dividend Since Listing,264.0,FY2025,2024-06-21,N/A,"BSE Corporate Actions — scrip 531119, ex-date 2024-06-21 (https://www.bseindia.com/corporates/corporate_act.aspx)"
Mkventures Capital Ltd,1.0,3.4,First Ever Dividend Since Listing,1102.1,FY2025,2024-06-13,N/A,"BSE Corporate Actions — scrip 514238, ex-date 2024-06-13 (https://www.bseindia.com/corporates/corporate_act.aspx)"
Richfield Financial Services Ltd,0.8,216.2,First Ever Dividend Since Listing,22.05,FY2025,2024-06-07,N/A,"BSE Corporate Actions — scrip 539435, ex-date 2024-06-07 (https://www.bseindia.com/corporates/corporate_act.aspx)"
Standard Capital Markets Ltd,0.01,3.0,First Ever Dividend Since Listing,0.41,FY2025,2024-05-13,N/A,"BSE Corporate Actions — scrip 511700, ex-date 2024-05-13 (https://www.bseindia.com/corporates/corporate_act.aspx)"
Aster DM Healthcare Ltd,118.0,2282.4,First Ever Dividend Since Listing,801.8,FY2025,2024-04-23,"Rs 69,851 Cr","BSE Corporate Actions — scrip 540975, ex-date 2024-04-23 (https://www.bseindia.com/corporates/corporate_act.aspx)"
Ikoma Technologies Ltd,0.5,555.6,First Ever Dividend Since Listing,67.25,FY2025,2024-04-23,N/A,"BSE Corporate Actions — scrip 531997, ex-date 2024-04-23 (https://www.bseindia.com/corporates/corporate_act.aspx)"
Gujarat Toolroom Ltd,1.0,N/A,First Ever Dividend Since Listing,0.51,FY2025,2024-04-19,N/A,"BSE Corporate Actions — scrip 513337, ex-date 2024-04-19 (https://www.bseindia.com/corporates/corporate_act.aspx)"
Gamco Ltd,1.0,N/A,First Ever Dividend Since Listing,50.0,FY2025,2024-04-05,N/A,"BSE Corporate Actions — scrip 540097, ex-date 2024-04-05 (https://www.bseindia.com/corporates/corporate_act.aspx)"
Audroc Ltd,0.04,4.1,First Dividend in 15 Years,7.07,FY2027,2026-04-27,N/A,"BSE Corporate Actions — scrip 530889, ex-date 2026-04-27 (https://www.bseindia.com/corporates/corporate_act.aspx)"
Asian Energy Services Ltd,1.0,10.8,First Dividend in 15 Years,384.15,FY2026,2025-09-19,"Rs 1,868 Cr","BSE Corporate Actions — scrip 530355, ex-date 2025-09-19 (https://www.bseindia.com/corporates/corporate_act.aspx)"
Morepen Laboratories Ltd,0.2,16.5,First Dividend in 15 Years,56.59,FY2026,2025-08-29,"Rs 3,101 Cr","BSE Corporate Actions — scrip 500288, ex-date 2025-08-29 (https://www.bseindia.com/corporates/corporate_act.aspx)"
Krypton Industries Ltd,1.0,55.9,First Dividend in 15 Years,38.92,FY2025,2024-09-20,N/A,"BSE Corporate Actions — scrip 523550, ex-date 2024-09-20 (https://www.bseindia.com/corporates/corporate_act.aspx)"
Venus Remedies Ltd,10.0,11.8,First Dividend in 10 Years,1565.0,FY2027,2026-08-07,"Rs 2,092 Cr","BSE Corporate Actions — scrip 526953, ex-date 2026-08-07 (https://www.bseindia.com/corporates/corporate_act.aspx)"
Godrej Properties Ltd,10.0,86.4,First Dividend in 10 Years,2104.6,FY2027,2026-07-28,"Rs 63,277 Cr","BSE Corporate Actions — scrip 533150, ex-date 2026-07-28 (https://www.bseindia.com/corporates/corporate_act.aspx)"
Aurique Ltd,0.2,4.3,First Dividend in 10 Years,9.57,FY2027,2026-05-11,N/A,"BSE Corporate Actions — scrip 517230, ex-date 2026-05-11 (https://www.bseindia.com/corporates/corporate_act.aspx)"
Sreeleathers Ltd,1.0,8.1,First Dividend in 10 Years,225.05,FY2026,2026-02-13,Rs 521 Cr,"BSE Corporate Actions — scrip 535601, ex-date 2026-02-13 (https://www.bseindia.com/corporates/corporate_act.aspx)"
Marsons Ltd,0.05,1.9,First Dividend in 10 Years,111.3,FY2026,2025-12-03,"Rs 1,915 Cr","BSE Corporate Actions — scrip 517467, ex-date 2025-12-03 (https://www.bseindia.com/corporates/corporate_act.aspx)"
Artefact Projects Ltd,0.5,7.0,First Dividend in 10 Years,52.51,FY2026,2025-09-12,N/A,"BSE Corporate Actions — scrip 531297, ex-date 2025-09-12 (https://www.bseindia.com/corporates/corporate_act.aspx)"
Valiant Communications Ltd,1.5,8.1,First Dividend in 10 Years,1039.7,FY2026,2025-09-11,N/A,"BSE Corporate Actions — scrip 526775, ex-date 2025-09-11 (https://www.bseindia.com/corporates/corporate_act.aspx)"
Black Box Ltd,1.0,97.1,First Dividend in 10 Years,773.8,FY2026,2025-08-29,"Rs 13,743 Cr","BSE Corporate Actions — scrip 500463, ex-date 2025-08-29 (https://www.bseindia.com/corporates/corporate_act.aspx)"
PMC Fincorp Ltd,0.01,11.1,First Dividend in 10 Years,1.73,FY2026,2025-08-29,N/A,"BSE Corporate Actions — scrip 534060, ex-date 2025-08-29 (https://www.bseindia.com/corporates/corporate_act.aspx)"
Central Bank of India,0.1875,3.8,First Dividend in 10 Years,31.26,FY2026,2025-07-04,"Rs 28,304 Cr","BSE Corporate Actions — scrip 532885, ex-date 2025-07-04 (https://www.bseindia.com/corporates/corporate_act.aspx)"
Krishanveer Forge Ltd,2.0,19.2,First Dividend in 10 Years,152.15,FY2025,2024-09-06,N/A,"BSE Corporate Actions — scrip 513369, ex-date 2024-09-06 (https://www.bseindia.com/corporates/corporate_act.aspx)"
GP Petroleums Ltd,0.5,6.2,First Dividend in 5 Years,67.0,FY2027,2026-08-19,Rs 342 Cr,"BSE Corporate Actions — scrip 532543, ex-date 2026-08-19 (https://www.bseindia.com/corporates/corporate_act.aspx)"
Bharat Gears Ltd,1.0,10.2,First Dividend in 5 Years,106.45,FY2027,2026-08-06,Rs 163 Cr,"BSE Corporate Actions — scrip 505688, ex-date 2026-08-06 (https://www.bseindia.com/corporates/corporate_act.aspx)"
GE Power India Ltd,7.0,19.9,First Dividend in 5 Years,722.9,FY2027,2026-07-31,"Rs 4,889 Cr","BSE Corporate Actions — scrip 532309, ex-date 2026-07-31 (https://www.bseindia.com/corporates/corporate_act.aspx)"
Nexome Capital Markets Ltd,1.5,13.9,First Dividend in 5 Years,122.85,FY2027,2026-07-31,N/A,"BSE Corporate Actions — scrip 508905, ex-date 2026-07-31 (https://www.bseindia.com/corporates/corporate_act.aspx)"
Smartlink Holdings Ltd,2.0,15.1,First Dividend in 5 Years,210.9,FY2027,2026-07-10,Rs 210 Cr,"BSE Corporate Actions — scrip 532419, ex-date 2026-07-10 (https://www.bseindia.com/corporates/corporate_act.aspx)"
Hindusthan Insulators & Industries Ltd,0.5,1.2,First Dividend in 5 Years,440.75,FY2027,2026-06-19,N/A,"BSE Corporate Actions — scrip 539984, ex-date 2026-06-19 (https://www.bseindia.com/corporates/corporate_act.aspx)"
Setco Automotive Ltd,13.0,43333.3,First Dividend in 5 Years,18.29,FY2027,2026-06-02,Rs 245 Cr,"BSE Corporate Actions — scrip 505075, ex-date 2026-06-02 (https://www.bseindia.com/corporates/corporate_act.aspx)"
SIS Ltd,7.0,98.0,First Dividend in 5 Years,435.2,FY2026,2026-02-06,"Rs 6,150 Cr","BSE Corporate Actions — scrip 540673, ex-date 2026-02-06 (https://www.bseindia.com/corporates/corporate_act.aspx)"
Spice Islands Industries Ltd,0.5,5.5,First Dividend in 5 Years,492.95,FY2026,2025-11-21,N/A,"BSE Corporate Actions — scrip 526827, ex-date 2025-11-21 (https://www.bseindia.com/corporates/corporate_act.aspx)"
Catvision Ltd,2.0,606.1,First Dividend in 5 Years,20.34,FY2026,2025-11-20,N/A,"BSE Corporate Actions — scrip 531158, ex-date 2025-11-20 (https://www.bseindia.com/corporates/corporate_act.aspx)"
Arfin India Ltd,0.11,13.6,First Dividend in 5 Years,91.49,FY2026,2025-11-17,"Rs 1,544 Cr","BSE Corporate Actions — scrip 539151, ex-date 2025-11-17 (https://www.bseindia.com/corporates/corporate_act.aspx)"
Pricol Ltd,2.0,11.8,First Dividend in 5 Years,665.55,FY2026,2025-11-14,"Rs 8,112 Cr","BSE Corporate Actions — scrip 540293, ex-date 2025-11-14 (https://www.bseindia.com/corporates/corporate_act.aspx)"
Loyal Equipments Ltd,1.0,16.0,First Dividend in 5 Years,157.25,FY2026,2025-09-23,N/A,"BSE Corporate Actions — scrip 539227, ex-date 2025-09-23 (https://www.bseindia.com/corporates/corporate_act.aspx)"
R P P Infra Projects Ltd,0.5,24.4,First Dividend in 5 Years,62.15,FY2026,2025-09-23,Rs 308 Cr,"BSE Corporate Actions — scrip 533284, ex-date 2025-09-23 (https://www.bseindia.com/corporates/corporate_act.aspx)"
Tera Software Ltd,1.0,5.0,First Dividend in 5 Years,390.75,FY2026,2025-09-19,Rs 489 Cr,"BSE Corporate Actions — scrip 533982, ex-date 2025-09-19 (https://www.bseindia.com/corporates/corporate_act.aspx)"
Sunflag Iron & Steel Company Ltd,0.75,6.7,First Dividend in 5 Years,363.55,FY2026,2025-09-12,"Rs 6,552 Cr","BSE Corporate Actions — scrip 500404, ex-date 2025-09-12 (https://www.bseindia.com/corporates/corporate_act.aspx)"
Zodiac Energy Ltd,0.75,5.4,First Dividend in 5 Years,246.75,FY2026,2025-09-12,Rs 374 Cr,"BSE Corporate Actions — scrip 543416, ex-date 2025-09-12 (https://www.bseindia.com/corporates/corporate_act.aspx)"
Indsil Hydro Power and Manganese Ltd,0.5,9.3,First Dividend in 5 Years,38.45,FY2026,2025-09-04,N/A,"BSE Corporate Actions — scrip 522165, ex-date 2025-09-04 (https://www.bseindia.com/corporates/corporate_act.aspx)"
Star Cement Ltd,1.0,31.1,First Dividend in 5 Years,203.0,FY2026,2025-08-14,"Rs 8,205 Cr","BSE Corporate Actions — scrip 540575, ex-date 2025-08-14 (https://www.bseindia.com/corporates/corporate_act.aspx)"
InterGlobe Aviation Ltd,10.0,N/A,First Dividend in 5 Years,5222.6,FY2026,2025-08-13,"Rs 2,01,940 Cr","BSE Corporate Actions — scrip 539448, ex-date 2025-08-13 (https://www.bseindia.com/corporates/corporate_act.aspx)"
Varroc Engineering Ltd,1.0,5.3,First Dividend in 5 Years,665.85,FY2026,2025-08-08,"Rs 10,173 Cr","BSE Corporate Actions — scrip 541578, ex-date 2025-08-08 (https://www.bseindia.com/corporates/corporate_act.aspx)"
Jay Shree Tea & Industries Ltd,0.5,N/A,First Dividend in 5 Years,78.3,FY2026,2025-08-05,Rs 226 Cr,"BSE Corporate Actions — scrip 509715, ex-date 2025-08-05 (https://www.bseindia.com/corporates/corporate_act.aspx)"
VA Tech Wabag Ltd,4.0,7.5,First Dividend in 5 Years,1977.85,FY2026,2025-08-05,"Rs 12,345 Cr","BSE Corporate Actions — scrip 533269, ex-date 2025-08-05 (https://www.bseindia.com/corporates/corporate_act.aspx)"
PNB Housing Finance Ltd,5.0,5.6,First Dividend in 5 Years,1077.2,FY2026,2025-08-01,"Rs 28,071 Cr","BSE Corporate Actions — scrip 540173, ex-date 2025-08-01 (https://www.bseindia.com/corporates/corporate_act.aspx)"
Wim Plast Ltd,10.0,20.1,First Dividend in 5 Years,334.15,FY2026,2025-08-01,Rs 402 Cr,"BSE Corporate Actions — scrip 526586, ex-date 2025-08-01 (https://www.bseindia.com/corporates/corporate_act.aspx)"
Rane (Madras) Ltd,8.0,19.8,First Dividend in 5 Years,1148.5,FY2026,2025-07-29,"Rs 3,174 Cr","BSE Corporate Actions — scrip 532661, ex-date 2025-07-29 (https://www.bseindia.com/corporates/corporate_act.aspx)"
Metal Coatings India Ltd,1.0,30.5,First Dividend in 5 Years,51.5,FY2026,2025-07-23,N/A,"BSE Corporate Actions — scrip 531810, ex-date 2025-07-23 (https://www.bseindia.com/corporates/corporate_act.aspx)"
Citadel Realty and Developers Ltd,0.5,29.9,First Dividend in 5 Years,36.68,FY2026,2025-07-18,N/A,"BSE Corporate Actions — scrip 502445, ex-date 2025-07-18 (https://www.bseindia.com/corporates/corporate_act.aspx)"
IDFC First Bank Ltd,0.25,9.6,First Dividend in 5 Years,84.8,FY2026,2025-07-11,"Rs 73,071 Cr","BSE Corporate Actions — scrip 539437, ex-date 2025-07-11 (https://www.bseindia.com/corporates/corporate_act.aspx)"
Tejas Networks Ltd,2.5,N/A,First Dividend in 5 Years,513.75,FY2026,2025-06-19,"Rs 9,127 Cr","BSE Corporate Actions — scrip 540595, ex-date 2025-06-19 (https://www.bseindia.com/corporates/corporate_act.aspx)"
Bosch Home Comfort India Ltd,15.0,N/A,First Dividend in 5 Years,1331.8,FY2026,2025-06-10,"Rs 3,621 Cr","BSE Corporate Actions — scrip 523398, ex-date 2025-06-10 (https://www.bseindia.com/corporates/corporate_act.aspx)"
Technocraft Industries (India) Ltd,20.0,18.5,First Dividend in 5 Years,2602.2,FY2026,2025-06-06,"Rs 5,900 Cr","BSE Corporate Actions — scrip 532804, ex-date 2025-06-06 (https://www.bseindia.com/corporates/corporate_act.aspx)"
Zodiac Ventures Ltd,0.25,147.1,First Dividend in 5 Years,1.68,FY2025,2024-09-23,N/A,"BSE Corporate Actions — scrip 503641, ex-date 2024-09-23 (https://www.bseindia.com/corporates/corporate_act.aspx)"
Comfort Commotrade Ltd,0.5,N/A,First Dividend in 5 Years,15.47,FY2025,2024-09-13,N/A,"BSE Corporate Actions — scrip 534691, ex-date 2024-09-13 (https://www.bseindia.com/corporates/corporate_act.aspx)"
Dhansafal Finserve Ltd,0.02,66.7,First Dividend in 5 Years,2.22,FY2025,2024-09-09,N/A,"BSE Corporate Actions — scrip 512048, ex-date 2024-09-09 (https://www.bseindia.com/corporates/corporate_act.aspx)"
SML Mahindra Ltd,16.0,14.8,First Dividend in 5 Years,3909.75,FY2025,2024-09-06,"Rs 5,665 Cr","BSE Corporate Actions — scrip 505192, ex-date 2024-09-06 (https://www.bseindia.com/corporates/corporate_act.aspx)"
GE Vernova T&D India Ltd,2.0,4.2,First Dividend in 5 Years,4202.3,FY2025,2024-08-28,"Rs 1,07,663 Cr","BSE Corporate Actions — scrip 522275, ex-date 2024-08-28 (https://www.bseindia.com/corporates/corporate_act.aspx)"
Comfort Fincap Ltd,0.1,13.2,First Dividend in 5 Years,7.48,FY2025,2024-08-16,N/A,"BSE Corporate Actions — scrip 535267, ex-date 2024-08-16 (https://www.bseindia.com/corporates/corporate_act.aspx)"
Mafatlal Industries Ltd,1.0,7.9,First Dividend in 5 Years,134.55,FY2025,2024-08-09,Rs 967 Cr,"BSE Corporate Actions — scrip 500264, ex-date 2024-08-09 (https://www.bseindia.com/corporates/corporate_act.aspx)"
Twentyfirst Century Management Services Ltd,2.5,N/A,First Dividend in 5 Years,38.04,FY2025,2024-07-26,N/A,"BSE Corporate Actions — scrip 526921, ex-date 2024-07-26 (https://www.bseindia.com/corporates/corporate_act.aspx)"
R.S. Software (India) Ltd,0.25,N/A,First Dividend in 5 Years,32.0,FY2025,2024-07-19,N/A,"BSE Corporate Actions — scrip 517447, ex-date 2024-07-19 (https://www.bseindia.com/corporates/corporate_act.aspx)"
Omax Autos Ltd,1.0,5.3,First Dividend in 5 Years,217.2,FY2025,2024-05-14,Rs 465 Cr,"BSE Corporate Actions — scrip 520021, ex-date 2024-05-14 (https://www.bseindia.com/corporates/corporate_act.aspx)"
UCO Bank,0.28,12.4,First Dividend in 5 Years,27.01,FY2025,2024-05-10,"Rs 33,920 Cr","BSE Corporate Actions — scrip 532505, ex-date 2024-05-10 (https://www.bseindia.com/corporates/corporate_act.aspx)"
Fortis Malar Hospitals Ltd,40.0,1785.7,First Dividend in 5 Years,50.41,FY2025,2024-04-23,N/A,"BSE Corporate Actions — scrip 523696, ex-date 2024-04-23 (https://www.bseindia.com/corporates/corporate_act.aspx)"
