Company,Dividend Declared (Rs/Share),Dividend Payout %,CMP,FY,Announcement Date,Market Cap,Years Since Listing,Source
Aditya Birla Lifestyle Brands Ltd,0.5,42.4,94.25,FY2027,2026-08-07,"Rs 11,503 Cr",1.1,"BSE Corporate Actions — scrip 544403, ex-date 2026-08-07 (https://www.bseindia.com/corporates/corporate_act.aspx)"
Rubicon Research Ltd,1.5,N/A,1558.8,FY2027,2026-08-07,"Rs 25,803 Cr",0.8,"BSE Corporate Actions — scrip 544578, ex-date 2026-08-07 (https://www.bseindia.com/corporates/corporate_act.aspx)"
Vedanta Aluminium Metal Ltd,8.0,N/A,469.95,FY2027,2026-08-05,"Rs 1,83,769 Cr",0.1,"BSE Corporate Actions — scrip 544780, ex-date 2026-08-05 (https://www.bseindia.com/corporates/corporate_act.aspx)"
Updater Services Ltd,1.0,9.6,211.0,FY2027,2026-08-05,"Rs 1,413 Cr",2.8,"BSE Corporate Actions — scrip 543996, ex-date 2026-08-05 (https://www.bseindia.com/corporates/corporate_act.aspx)"
Bajel Projects Ltd,0.6,25.8,177.2,FY2027,2026-07-31,"Rs 2,045 Cr",2.6,"BSE Corporate Actions — scrip 544042, ex-date 2026-07-31 (https://www.bseindia.com/corporates/corporate_act.aspx)"
Tata Capital Ltd,0.57,N/A,350.7,FY2027,2026-07-27,"Rs 1,48,868 Cr",0.8,"BSE Corporate Actions — scrip 544574, ex-date 2026-07-27 (https://www.bseindia.com/corporates/corporate_act.aspx)"
Central Mine Planning & Design Institute Ltd,1.05,N/A,253.55,FY2027,2026-07-24,"Rs 18,082 Cr",0.3,"BSE Corporate Actions — scrip 544739, ex-date 2026-07-24 (https://www.bseindia.com/corporates/corporate_act.aspx)"
Rishabh Instruments Ltd,2.0,18.5,630.7,FY2027,2026-07-24,"Rs 2,438 Cr",2.9,"BSE Corporate Actions — scrip 543977, ex-date 2026-07-24 (https://www.bseindia.com/corporates/corporate_act.aspx)"
Sudeep Pharma Ltd,1.5,N/A,868.0,FY2027,2026-07-23,"Rs 9,804 Cr",0.6,"BSE Corporate Actions — scrip 544619, ex-date 2026-07-23 (https://www.bseindia.com/corporates/corporate_act.aspx)"
Aditya Infotech Ltd,1.64,5.7,3553.75,FY2027,2026-07-20,"Rs 41,978 Cr",1.0,"BSE Corporate Actions — scrip 544466, ex-date 2026-07-20 (https://www.bseindia.com/corporates/corporate_act.aspx)"
Aegis Vopak Terminals Ltd,0.2,8.1,302.0,FY2027,2026-07-10,"Rs 33,461 Cr",1.1,"BSE Corporate Actions — scrip 544407, ex-date 2026-07-10 (https://www.bseindia.com/corporates/corporate_act.aspx)"
JSW Cement Ltd,0.5,N/A,134.75,FY2027,2026-07-10,"Rs 18,371 Cr",0.9,"BSE Corporate Actions — scrip 544480, ex-date 2026-07-10 (https://www.bseindia.com/corporates/corporate_act.aspx)"
Hannah Joseph Hospital Ltd,2.0,74.9,111.2,FY2027,2026-07-08,N/A,0.4,"BSE Corporate Actions — scrip 544687, ex-date 2026-07-08 (https://www.bseindia.com/corporates/corporate_act.aspx)"
DCM Shriram International Ltd,0.4,N/A,79.0,FY2027,2026-07-06,Rs 687 Cr,0.4,"BSE Corporate Actions — scrip 544702, ex-date 2026-07-06 (https://www.bseindia.com/corporates/corporate_act.aspx)"
Akums Drugs and Pharmaceuticals Ltd,2.0,28.2,676.0,FY2027,2026-07-03,"Rs 10,640 Cr",1.9,"BSE Corporate Actions — scrip 544222, ex-date 2026-07-03 (https://www.bseindia.com/corporates/corporate_act.aspx)"
Raymond Realty Ltd,2.0,5.1,663.0,FY2027,2026-07-03,"Rs 4,414 Cr",1.0,"BSE Corporate Actions — scrip 544420, ex-date 2026-07-03 (https://www.bseindia.com/corporates/corporate_act.aspx)"
SKF India (Industrial) Ltd,10.0,N/A,2712.0,FY2027,2026-07-03,"Rs 13,408 Cr",0.6,"BSE Corporate Actions — scrip 544572, ex-date 2026-07-03 (https://www.bseindia.com/corporates/corporate_act.aspx)"
DCM Shriram Fine Chemicals Ltd,0.4,N/A,26.93,FY2027,2026-07-01,Rs 234 Cr,0.4,"BSE Corporate Actions — scrip 544703, ex-date 2026-07-01 (https://www.bseindia.com/corporates/corporate_act.aspx)"
Raymond Lifestyle Ltd,1.0,11.8,707.05,FY2027,2026-06-29,"Rs 4,308 Cr",1.8,"BSE Corporate Actions — scrip 544240, ex-date 2026-06-29 (https://www.bseindia.com/corporates/corporate_act.aspx)"
Anthem Biosciences Ltd,2.0,18.1,790.5,FY2027,2026-06-25,"Rs 44,521 Cr",0.9,"BSE Corporate Actions — scrip 544449, ex-date 2026-06-25 (https://www.bseindia.com/corporates/corporate_act.aspx)"
Shankara Buildpro Ltd,5.0,9.5,1209.25,FY2027,2026-06-24,"Rs 2,932 Cr",0.5,"BSE Corporate Actions — scrip 544517, ex-date 2026-06-24 (https://www.bseindia.com/corporates/corporate_act.aspx)"
Anand Rathi Share And Stock Brokers Ltd,5.0,23.9,512.05,FY2027,2026-06-23,"Rs 3,229 Cr",0.7,"BSE Corporate Actions — scrip 544530, ex-date 2026-06-23 (https://www.bseindia.com/corporates/corporate_act.aspx)"
AWL Agri Business Ltd,1.0,13.2,187.6,FY2027,2026-06-19,"Rs 24,421 Cr",4.4,"BSE Corporate Actions — scrip 543458, ex-date 2026-06-19 (https://www.bseindia.com/corporates/corporate_act.aspx)"
Corona Remedies Ltd,10.0,N/A,2101.9,FY2027,2026-06-19,"Rs 12,855 Cr",0.5,"BSE Corporate Actions — scrip 544644, ex-date 2026-06-19 (https://www.bseindia.com/corporates/corporate_act.aspx)"
Monika Alcobev Ltd,1.0,6.7,210.0,FY2027,2026-06-18,N/A,0.9,"BSE Corporate Actions — scrip 544451, ex-date 2026-06-18 (https://www.bseindia.com/corporates/corporate_act.aspx)"
Piramal Finance Ltd,11.0,14.5,2037.0,FY2027,2026-06-12,"Rs 46,174 Cr",0.6,"BSE Corporate Actions — scrip 544597, ex-date 2026-06-12 (https://www.bseindia.com/corporates/corporate_act.aspx)"
Unified Data Tech Solutions Ltd,5.5,27.1,358.0,FY2027,2026-06-08,N/A,1.0,"BSE Corporate Actions — scrip 544406, ex-date 2026-06-08 (https://www.bseindia.com/corporates/corporate_act.aspx)"
Monarch Surveyors and Engineering Consultants Ltd,1.6,4.0,226.2,FY2027,2026-06-03,N/A,0.8,"BSE Corporate Actions — scrip 544453, ex-date 2026-06-03 (https://www.bseindia.com/corporates/corporate_act.aspx)"
Workmates Core2Cloud Solution Ltd,2.0,15.8,334.1,FY2027,2026-05-22,N/A,0.5,"BSE Corporate Actions — scrip 544610, ex-date 2026-05-22 (https://www.bseindia.com/corporates/corporate_act.aspx)"
ITC Hotels Ltd,1.0,24.3,165.55,FY2027,2026-05-21,"Rs 34,557 Cr",1.3,"BSE Corporate Actions — scrip 544325, ex-date 2026-05-21 (https://www.bseindia.com/corporates/corporate_act.aspx)"
Indian Renewable Energy Development Agency Ltd,0.6,9.0,120.3,FY2027,2026-04-02,"Rs 33,795 Cr",2.3,"BSE Corporate Actions — scrip 544026, ex-date 2026-04-02 (https://www.bseindia.com/corporates/corporate_act.aspx)"
Euro Pratik Sales Ltd,0.2,4.0,313.6,FY2026,2026-03-27,"Rs 3,205 Cr",0.5,"BSE Corporate Actions — scrip 544519, ex-date 2026-03-27 (https://www.bseindia.com/corporates/corporate_act.aspx)"
Eighty Jewellers Ltd,0.1,1.0,44.1,FY2026,2026-03-06,N/A,3.9,"BSE Corporate Actions — scrip 543518, ex-date 2026-03-06 (https://www.bseindia.com/corporates/corporate_act.aspx)"
Shreeji Shipping Global Ltd,1.0,10.4,633.95,FY2026,2026-02-27,"Rs 10,328 Cr",0.5,"BSE Corporate Actions — scrip 544490, ex-date 2026-02-27 (https://www.bseindia.com/corporates/corporate_act.aspx)"
Austere Systems Ltd,0.2,4.2,41.5,FY2026,2026-02-11,N/A,0.4,"BSE Corporate Actions — scrip 544505, ex-date 2026-02-11 (https://www.bseindia.com/corporates/corporate_act.aspx)"
BMW Ventures Ltd,1.5,34.7,59.0,FY2026,2026-02-10,Rs 512 Cr,0.4,"BSE Corporate Actions — scrip 544543, ex-date 2026-02-10 (https://www.bseindia.com/corporates/corporate_act.aspx)"
Crizac Ltd,8.0,83.9,195.0,FY2026,2026-02-04,"Rs 3,412 Cr",0.6,"BSE Corporate Actions — scrip 544439, ex-date 2026-02-04 (https://www.bseindia.com/corporates/corporate_act.aspx)"
Innova Captab Ltd,2.0,13.7,975.0,FY2026,2026-01-30,"Rs 5,579 Cr",2.1,"BSE Corporate Actions — scrip 544067, ex-date 2026-01-30 (https://www.bseindia.com/corporates/corporate_act.aspx)"
Siemens Energy India Ltd,4.0,10.9,3275.0,FY2026,2026-01-30,"Rs 1,16,629 Cr",0.6,"BSE Corporate Actions — scrip 544390, ex-date 2026-01-30 (https://www.bseindia.com/corporates/corporate_act.aspx)"
ICICI Prudential Asset Management Company Ltd,14.85,N/A,3144.0,FY2026,2026-01-21,"Rs 1,55,395 Cr",0.1,"BSE Corporate Actions — scrip 544658, ex-date 2026-01-21 (https://www.bseindia.com/corporates/corporate_act.aspx)"
Jaro Institute of Technology Management and Research Ltd,2.0,8.4,479.0,FY2026,2026-01-16,"Rs 1,067 Cr",0.3,"BSE Corporate Actions — scrip 544534, ex-date 2026-01-16 (https://www.bseindia.com/corporates/corporate_act.aspx)"
Canara Robeco Asset Management Company Ltd,1.5,13.7,262.0,FY2026,2025-12-22,"Rs 5,225 Cr",0.2,"BSE Corporate Actions — scrip 544580, ex-date 2025-12-22 (https://www.bseindia.com/corporates/corporate_act.aspx)"
Career Point Edutech Ltd,2.5,20.3,195.6,FY2026,2025-11-21,Rs 356 Cr,0.2,"BSE Corporate Actions — scrip 544499, ex-date 2025-11-21 (https://www.bseindia.com/corporates/corporate_act.aspx)"
Sayaji Hotels (Indore) Ltd,0.8,3.0,1330.0,FY2026,2025-11-20,N/A,1.8,"BSE Corporate Actions — scrip 544080, ex-date 2025-11-20 (https://www.bseindia.com/corporates/corporate_act.aspx)"
Capitalnumbers Infotech Ltd,1.0,9.5,87.55,FY2026,2025-11-19,N/A,0.8,"BSE Corporate Actions — scrip 544343, ex-date 2025-11-19 (https://www.bseindia.com/corporates/corporate_act.aspx)"
Ganesh Consumer Products Ltd,2.5,23.8,170.0,FY2026,2025-11-14,Rs 687 Cr,0.1,"BSE Corporate Actions — scrip 544528, ex-date 2025-11-14 (https://www.bseindia.com/corporates/corporate_act.aspx)"
Sagility Ltd,0.05,7.0,43.28,FY2026,2025-11-12,"Rs 20,261 Cr",1.0,"BSE Corporate Actions — scrip 544282, ex-date 2025-11-12 (https://www.bseindia.com/corporates/corporate_act.aspx)"
HDB Financial Services Ltd,2.0,6.0,686.55,FY2026,2025-10-24,"Rs 57,001 Cr",0.3,"BSE Corporate Actions — scrip 544429, ex-date 2025-10-24 (https://www.bseindia.com/corporates/corporate_act.aspx)"
Waaree Energies Ltd,2.0,1.5,2740.75,FY2026,2025-10-24,"Rs 78,838 Cr",1.0,"BSE Corporate Actions — scrip 544277, ex-date 2025-10-24 (https://www.bseindia.com/corporates/corporate_act.aspx)"
Cargotrans Maritime Ltd,0.5,10.5,84.05,FY2026,2025-09-23,N/A,3.0,"BSE Corporate Actions — scrip 543618, ex-date 2025-09-23 (https://www.bseindia.com/corporates/corporate_act.aspx)"
New Swan Multitech Ltd,0.5,9.9,42.2,FY2026,2025-09-23,N/A,1.7,"BSE Corporate Actions — scrip 544082, ex-date 2025-09-23 (https://www.bseindia.com/corporates/corporate_act.aspx)"
Aveer Foods Ltd,0.25,3.1,613.9,FY2026,2025-09-22,N/A,2.7,"BSE Corporate Actions — scrip 543737, ex-date 2025-09-22 (https://www.bseindia.com/corporates/corporate_act.aspx)"
Craftroot Retail Ltd,0.05,7.5,1.0,FY2026,2025-09-19,N/A,-0.8,"BSE Corporate Actions — scrip 526349, ex-date 2025-09-19 (https://www.bseindia.com/corporates/corporate_act.aspx)"
Deepak Builders and Engineers India Ltd,1.0,117.6,7.46,FY2026,2025-09-19,Rs 347 Cr,0.9,"BSE Corporate Actions — scrip 544276, ex-date 2025-09-19 (https://www.bseindia.com/corporates/corporate_act.aspx)"
Apeejay Surrendra Park Hotels Ltd,0.5,15.2,122.15,FY2026,2025-09-19,"Rs 2,606 Cr",1.6,"BSE Corporate Actions — scrip 544111, ex-date 2025-09-19 (https://www.bseindia.com/corporates/corporate_act.aspx)"
National Securities Depository Ltd,2.0,11.1,817.8,FY2026,2025-09-19,N/A,0.1,"BSE Corporate Actions — scrip 544467, ex-date 2025-09-19 (https://www.bseindia.com/corporates/corporate_act.aspx)"
Parmeshwar Metal Ltd,0.75,3.5,193.0,FY2026,2025-09-19,N/A,0.7,"BSE Corporate Actions — scrip 544330, ex-date 2025-09-19 (https://www.bseindia.com/corporates/corporate_act.aspx)"
ITCONS E-Solutions Ltd,0.15,2.6,275.35,FY2026,2025-09-18,N/A,2.5,"BSE Corporate Actions — scrip 543806, ex-date 2025-09-18 (https://www.bseindia.com/corporates/corporate_act.aspx)"
Quality Power Electrical Equipments Ltd,1.0,14.1,1100.0,FY2026,2025-09-18,"Rs 8,519 Cr",0.6,"BSE Corporate Actions — scrip 544367, ex-date 2025-09-18 (https://www.bseindia.com/corporates/corporate_act.aspx)"
Rossell Techsys Ltd,0.2,3.6,973.85,FY2026,2025-09-17,"Rs 3,671 Cr",0.8,"BSE Corporate Actions — scrip 544294, ex-date 2025-09-17 (https://www.bseindia.com/corporates/corporate_act.aspx)"
Insolation Energy Ltd,0.1,N/A,112.9,FY2026,2025-09-16,"Rs 2,489 Cr",2.9,"BSE Corporate Actions — scrip 543620, ex-date 2025-09-16 (https://www.bseindia.com/corporates/corporate_act.aspx)"
Sodhani Academy of Fintech Enablers Ltd,0.5,8.2,149.8,FY2026,2025-09-16,N/A,1.0,"BSE Corporate Actions — scrip 544257, ex-date 2025-09-16 (https://www.bseindia.com/corporates/corporate_act.aspx)"
Interarch Building Solutions Ltd,12.5,15.6,1830.0,FY2026,2025-09-15,"Rs 3,069 Cr",1.1,"BSE Corporate Actions — scrip 544232, ex-date 2025-09-15 (https://www.bseindia.com/corporates/corporate_act.aspx)"
Storage Technologies and Automation Ltd,0.3,N/A,37.85,FY2026,2025-09-15,N/A,1.4,"BSE Corporate Actions — scrip 544171, ex-date 2025-09-15 (https://www.bseindia.com/corporates/corporate_act.aspx)"
Mamata Machinery Ltd,0.5,4.3,380.0,FY2026,2025-09-12,Rs 935 Cr,0.7,"BSE Corporate Actions — scrip 544318, ex-date 2025-09-12 (https://www.bseindia.com/corporates/corporate_act.aspx)"
Network People Services Technologies Ltd,2.0,10.2,1552.0,FY2026,2025-09-12,"Rs 3,238 Cr",4.0,"BSE Corporate Actions — scrip 544396, ex-date 2025-09-12 (https://www.bseindia.com/corporates/corporate_act.aspx)"
Pyramid Technoplast Ltd,0.5,6.4,196.35,FY2026,2025-09-12,Rs 722 Cr,2.0,"BSE Corporate Actions — scrip 543969, ex-date 2025-09-12 (https://www.bseindia.com/corporates/corporate_act.aspx)"
Indobell Insulations Ltd,2.0,156.2,70.0,FY2026,2025-09-10,N/A,0.7,"BSE Corporate Actions — scrip 544334, ex-date 2025-09-10 (https://www.bseindia.com/corporates/corporate_act.aspx)"
BLS E-Services Ltd,1.0,52.1,287.15,FY2026,2025-09-08,"Rs 2,609 Cr",1.6,"BSE Corporate Actions — scrip 544107, ex-date 2025-09-08 (https://www.bseindia.com/corporates/corporate_act.aspx)"
Mangal Compusolution Ltd,0.5,11.3,45.03,FY2026,2025-09-08,N/A,0.8,"BSE Corporate Actions — scrip 544287, ex-date 2025-09-08 (https://www.bseindia.com/corporates/corporate_act.aspx)"
Mach Travel Solutions Ltd,1.0,12.7,150.95,FY2026,2025-09-04,N/A,1.0,"BSE Corporate Actions — scrip 544248, ex-date 2025-09-04 (https://www.bseindia.com/corporates/corporate_act.aspx)"
Transrail Lighting Ltd,0.8,2.6,486.95,FY2026,2025-09-04,"Rs 6,538 Cr",0.7,"BSE Corporate Actions — scrip 544317, ex-date 2025-09-04 (https://www.bseindia.com/corporates/corporate_act.aspx)"
Carraro India Ltd,4.55,20.2,534.55,FY2026,2025-09-03,"Rs 3,039 Cr",0.7,"BSE Corporate Actions — scrip 544320, ex-date 2025-09-03 (https://www.bseindia.com/corporates/corporate_act.aspx)"
Yash Highvoltage Ltd,1.0,7.6,932.0,FY2026,2025-09-03,N/A,0.7,"BSE Corporate Actions — scrip 544310, ex-date 2025-09-03 (https://www.bseindia.com/corporates/corporate_act.aspx)"
Belrise Industries Ltd,0.55,10.2,231.25,FY2026,2025-08-22,"Rs 22,365 Cr",0.2,"BSE Corporate Actions — scrip 544405, ex-date 2025-08-22 (https://www.bseindia.com/corporates/corporate_act.aspx)"
Dhanashree Electronics Ltd,0.1,3.8,133.45,FY2026,2025-08-22,N/A,4.7,"BSE Corporate Actions — scrip 542679, ex-date 2025-08-22 (https://www.bseindia.com/corporates/corporate_act.aspx)"
Global Health Ltd,0.5,2.7,1410.05,FY2026,2025-08-22,"Rs 37,912 Cr",2.8,"BSE Corporate Actions — scrip 543654, ex-date 2025-08-22 (https://www.bseindia.com/corporates/corporate_act.aspx)"
Naturewings Holidays Ltd,1.5,30.7,70.0,FY2026,2025-08-22,N/A,0.9,"BSE Corporate Actions — scrip 544245, ex-date 2025-08-22 (https://www.bseindia.com/corporates/corporate_act.aspx)"
Rajesh Power Services Ltd,1.0,1.3,837.05,FY2026,2025-08-22,N/A,0.7,"BSE Corporate Actions — scrip 544291, ex-date 2025-08-22 (https://www.bseindia.com/corporates/corporate_act.aspx)"
ECOS (India) Mobility & Hospitality Ltd,2.4,25.2,132.4,FY2026,2025-08-20,Rs 794 Cr,1.0,"BSE Corporate Actions — scrip 544239, ex-date 2025-08-20 (https://www.bseindia.com/corporates/corporate_act.aspx)"
Denta Water and Infra Solutions Ltd,2.5,11.0,332.0,FY2026,2025-08-14,Rs 886 Cr,0.6,"BSE Corporate Actions — scrip 544345, ex-date 2025-08-14 (https://www.bseindia.com/corporates/corporate_act.aspx)"
Five-Star Business Finance Ltd,2.0,5.4,540.25,FY2026,2025-08-14,"Rs 15,948 Cr",2.7,"BSE Corporate Actions — scrip 543663, ex-date 2025-08-14 (https://www.bseindia.com/corporates/corporate_act.aspx)"
Emcure Pharmaceuticals Ltd,3.0,7.8,1920.0,FY2026,2025-08-14,"Rs 36,419 Cr",1.1,"BSE Corporate Actions — scrip 544210, ex-date 2025-08-14 (https://www.bseindia.com/corporates/corporate_act.aspx)"
Jio Financial Services Ltd,0.5,46.3,236.2,FY2026,2025-08-11,"Rs 1,55,966 Cr",2.0,"BSE Corporate Actions — scrip 543940, ex-date 2025-08-11 (https://www.bseindia.com/corporates/corporate_act.aspx)"
Flair Writing Industries Ltd,1.0,9.1,256.0,FY2026,2025-08-08,"Rs 2,698 Cr",1.7,"BSE Corporate Actions — scrip 544030, ex-date 2025-08-08 (https://www.bseindia.com/corporates/corporate_act.aspx)"
Mankind Pharma Ltd,1.0,2.0,2546.3,FY2026,2025-08-08,"Rs 1,05,161 Cr",2.3,"BSE Corporate Actions — scrip 543904, ex-date 2025-08-08 (https://www.bseindia.com/corporates/corporate_act.aspx)"
Paras Defence and Space Technologies Ltd,0.5,4.8,1220.0,FY2026,2025-08-08,"Rs 9,832 Cr",3.9,"BSE Corporate Actions — scrip 543367, ex-date 2025-08-08 (https://www.bseindia.com/corporates/corporate_act.aspx)"
Chembond Chemicals Ltd,1.25,28.1,240.0,FY2026,2025-08-07,Rs 646 Cr,0.0,"BSE Corporate Actions — scrip 544450, ex-date 2025-08-07 (https://www.bseindia.com/corporates/corporate_act.aspx)"
Indef Manufacturing Ltd,2.0,24.6,231.0,FY2026,2025-08-05,Rs 739 Cr,0.5,"BSE Corporate Actions — scrip 544364, ex-date 2025-08-05 (https://www.bseindia.com/corporates/corporate_act.aspx)"
Hyundai Motor India Ltd,21.0,32.1,1986.0,FY2026,2025-08-05,"Rs 1,61,371 Cr",0.8,"BSE Corporate Actions — scrip 544274, ex-date 2025-08-05 (https://www.bseindia.com/corporates/corporate_act.aspx)"
J.G.Chemicals Ltd,1.0,18.3,505.8,FY2026,2025-08-05,"Rs 1,982 Cr",1.4,"BSE Corporate Actions — scrip 544138, ex-date 2025-08-05 (https://www.bseindia.com/corporates/corporate_act.aspx)"
Arkade Developers Ltd,1.0,344.8,134.05,FY2026,2025-08-01,"Rs 2,489 Cr",0.9,"BSE Corporate Actions — scrip 544261, ex-date 2025-08-01 (https://www.bseindia.com/corporates/corporate_act.aspx)"
OCCL Ltd,1.5,15.7,152.25,FY2026,2025-07-21,Rs 760 Cr,0.7,"BSE Corporate Actions — scrip 544278, ex-date 2025-07-21 (https://www.bseindia.com/corporates/corporate_act.aspx)"
Afcons Infrastructure Ltd,2.5,49.5,284.95,FY2026,2025-07-18,"Rs 10,438 Cr",0.7,"BSE Corporate Actions — scrip 544280, ex-date 2025-07-18 (https://www.bseindia.com/corporates/corporate_act.aspx)"
Diffusion Engineers Ltd,1.5,12.6,406.4,FY2026,2025-07-10,"Rs 1,521 Cr",0.8,"BSE Corporate Actions — scrip 544264, ex-date 2025-07-10 (https://www.bseindia.com/corporates/corporate_act.aspx)"
India Shelter Finance Corporation Ltd,5.0,10.8,727.4,FY2026,2025-07-04,"Rs 7,888 Cr",1.5,"BSE Corporate Actions — scrip 544044, ex-date 2025-07-04 (https://www.bseindia.com/corporates/corporate_act.aspx)"
Shine Fashions (India) Ltd,0.125,10.9,25.0,FY2026,2025-07-04,N/A,4.7,"BSE Corporate Actions — scrip 543244, ex-date 2025-07-04 (https://www.bseindia.com/corporates/corporate_act.aspx)"
Allied Blenders and Distillers Ltd,3.6,36.5,622.1,FY2026,2025-06-27,"Rs 17,406 Cr",1.0,"BSE Corporate Actions — scrip 544203, ex-date 2025-06-27 (https://www.bseindia.com/corporates/corporate_act.aspx)"
DAM Capital Advisors Ltd,1.0,9.7,157.25,FY2026,2025-06-13,"Rs 1,106 Cr",0.5,"BSE Corporate Actions — scrip 544316, ex-date 2025-06-13 (https://www.bseindia.com/corporates/corporate_act.aspx)"
Indegene Ltd,2.0,22.8,505.45,FY2026,2025-06-13,"Rs 12,252 Cr",1.1,"BSE Corporate Actions — scrip 544172, ex-date 2025-06-13 (https://www.bseindia.com/corporates/corporate_act.aspx)"
Toss The Coin Ltd,0.5,3.5,214.0,FY2026,2025-06-06,N/A,0.5,"BSE Corporate Actions — scrip 544303, ex-date 2025-06-06 (https://www.bseindia.com/corporates/corporate_act.aspx)"
INOX India Ltd,2.0,7.2,1993.9,FY2026,2025-06-04,"Rs 18,016 Cr",1.5,"BSE Corporate Actions — scrip 544046, ex-date 2025-06-04 (https://www.bseindia.com/corporates/corporate_act.aspx)"
Keystone Realtors Ltd,1.5,46.4,412.6,FY2026,2025-05-23,"Rs 5,209 Cr",2.5,"BSE Corporate Actions — scrip 543669, ex-date 2025-05-23 (https://www.bseindia.com/corporates/corporate_act.aspx)"
Fabtech Technologies Cleanrooms Ltd,2.0,27.2,370.4,FY2026,2025-05-16,N/A,0.3,"BSE Corporate Actions — scrip 544332, ex-date 2025-05-16 (https://www.bseindia.com/corporates/corporate_act.aspx)"
Forbes Precision Tools and Machine Parts Ltd,5.0,89.8,135.0,FY2026,2025-05-02,N/A,0.9,"BSE Corporate Actions — scrip 544186, ex-date 2025-05-02 (https://www.bseindia.com/corporates/corporate_act.aspx)"
ACME Solar Holdings Ltd,0.2,4.2,361.0,FY2026,2025-05-02,"Rs 25,518 Cr",0.5,"BSE Corporate Actions — scrip 544283, ex-date 2025-05-02 (https://www.bseindia.com/corporates/corporate_act.aspx)"
Sanofi Consumer Healthcare India Ltd,55.0,49.1,4671.45,FY2026,2025-04-17,"Rs 10,773 Cr",0.6,"BSE Corporate Actions — scrip 544250, ex-date 2025-04-17 (https://www.bseindia.com/corporates/corporate_act.aspx)"
Hexaware Technologies Ltd,5.75,38.5,554.5,FY2026,2025-04-15,"Rs 34,394 Cr",0.2,"BSE Corporate Actions — scrip 544362, ex-date 2025-04-15 (https://www.bseindia.com/corporates/corporate_act.aspx)"
Unifinz Capital India Ltd,0.5,2.5,110.95,FY2026,2025-04-04,N/A,4.4,"BSE Corporate Actions — scrip 541358, ex-date 2025-04-04 (https://www.bseindia.com/corporates/corporate_act.aspx)"
Acceleratebs India Ltd,0.8,32.9,100.23,FY2025,2025-03-21,N/A,1.7,"BSE Corporate Actions — scrip 543938, ex-date 2025-03-21 (https://www.bseindia.com/corporates/corporate_act.aspx)"
G R Infraprojects Ltd,12.5,12.1,876.6,FY2025,2025-03-13,"Rs 8,482 Cr",3.6,"BSE Corporate Actions — scrip 543317, ex-date 2025-03-13 (https://www.bseindia.com/corporates/corporate_act.aspx)"
International Gemological Institute Ltd,2.44,17.6,329.5,FY2025,2025-02-28,"Rs 14,266 Cr",0.2,"BSE Corporate Actions — scrip 544311, ex-date 2025-02-28 (https://www.bseindia.com/corporates/corporate_act.aspx)"
Saraswati Saree Depot Ltd,2.27,38.4,52.63,FY2025,2025-02-18,Rs 211 Cr,0.5,"BSE Corporate Actions — scrip 544230, ex-date 2025-02-18 (https://www.bseindia.com/corporates/corporate_act.aspx)"
Campus Activewear Ltd,0.7,14.3,219.5,FY2025,2025-02-17,"Rs 6,694 Cr",2.8,"BSE Corporate Actions — scrip 543523, ex-date 2025-02-17 (https://www.bseindia.com/corporates/corporate_act.aspx)"
Garuda Construction and Engineering Ltd,0.025,0.2,172.15,FY2025,2025-02-17,"Rs 1,602 Cr",0.3,"BSE Corporate Actions — scrip 544271, ex-date 2025-02-17 (https://www.bseindia.com/corporates/corporate_act.aspx)"
Premier Energies Ltd,0.5,15.9,1037.85,FY2025,2025-02-14,"Rs 47,175 Cr",0.4,"BSE Corporate Actions — scrip 544238, ex-date 2025-02-14 (https://www.bseindia.com/corporates/corporate_act.aspx)"
Redtape Ltd,2.0,45.2,127.25,FY2025,2025-01-03,"Rs 7,026 Cr",1.4,"BSE Corporate Actions — scrip 543957, ex-date 2025-01-03 (https://www.bseindia.com/corporates/corporate_act.aspx)"
Khazanchi Jewellers Ltd,0.5,1.4,674.5,FY2025,2024-11-27,N/A,1.3,"BSE Corporate Actions — scrip 543953, ex-date 2024-11-27 (https://www.bseindia.com/corporates/corporate_act.aspx)"
Orient Technologies Ltd,1.8,295.1,280.0,FY2025,2024-11-22,"Rs 1,289 Cr",0.2,"BSE Corporate Actions — scrip 544235, ex-date 2024-11-22 (https://www.bseindia.com/corporates/corporate_act.aspx)"
KP Green Engineering Ltd,0.2,0.7,334.5,FY2025,2024-11-14,N/A,0.6,"BSE Corporate Actions — scrip 544150, ex-date 2024-11-14 (https://www.bseindia.com/corporates/corporate_act.aspx)"
Manba Finance Ltd,0.25,2.8,148.5,FY2025,2024-11-04,Rs 740 Cr,0.1,"BSE Corporate Actions — scrip 544262, ex-date 2024-11-04 (https://www.bseindia.com/corporates/corporate_act.aspx)"
Dodla Dairy Ltd,3.0,9.6,1034.85,FY2025,2024-10-31,"Rs 6,220 Cr",3.3,"BSE Corporate Actions — scrip 543306, ex-date 2024-10-31 (https://www.bseindia.com/corporates/corporate_act.aspx)"
Ceigall India Ltd,0.5,2.9,335.25,FY2025,2024-09-23,"Rs 5,841 Cr",0.1,"BSE Corporate Actions — scrip 544223, ex-date 2024-09-23 (https://www.bseindia.com/corporates/corporate_act.aspx)"
Sai Silks (Kalamandir) Ltd,1.0,11.2,88.0,FY2025,2024-09-20,"Rs 1,337 Cr",1.0,"BSE Corporate Actions — scrip 543989, ex-date 2024-09-20 (https://www.bseindia.com/corporates/corporate_act.aspx)"
Gopal Snacks Ltd,0.25,4.2,259.8,FY2025,2024-09-20,"Rs 3,241 Cr",0.5,"BSE Corporate Actions — scrip 544140, ex-date 2024-09-20 (https://www.bseindia.com/corporates/corporate_act.aspx)"
Suraj Estate Developers Ltd,1.0,6.2,194.9,FY2025,2024-09-20,Rs 931 Cr,0.7,"BSE Corporate Actions — scrip 544054, ex-date 2024-09-20 (https://www.bseindia.com/corporates/corporate_act.aspx)"
Blue Jet Healthcare Ltd,1.0,7.0,576.1,FY2025,2024-09-17,"Rs 10,897 Cr",0.9,"BSE Corporate Actions — scrip 544009, ex-date 2024-09-17 (https://www.bseindia.com/corporates/corporate_act.aspx)"
Popular Vehicles and Services Ltd,0.5,N/A,108.52,FY2025,2024-09-17,Rs 773 Cr,0.5,"BSE Corporate Actions — scrip 544144, ex-date 2024-09-17 (https://www.bseindia.com/corporates/corporate_act.aspx)"
DOMS Industries Ltd,2.5,6.9,2273.0,FY2025,2024-09-13,"Rs 13,697 Cr",0.7,"BSE Corporate Actions — scrip 544045, ex-date 2024-09-13 (https://www.bseindia.com/corporates/corporate_act.aspx)"
Hariom Pipe Industries Ltd,0.6,2.4,395.0,FY2025,2024-09-13,"Rs 1,220 Cr",2.4,"BSE Corporate Actions — scrip 543517, ex-date 2024-09-13 (https://www.bseindia.com/corporates/corporate_act.aspx)"
HP Adhesives Ltd,0.3,40.0,33.34,FY2025,2024-09-13,Rs 308 Cr,2.7,"BSE Corporate Actions — scrip 543433, ex-date 2024-09-13 (https://www.bseindia.com/corporates/corporate_act.aspx)"
Stove Kraft Ltd,2.5,19.7,795.1,FY2025,2024-09-13,"Rs 2,637 Cr",3.6,"BSE Corporate Actions — scrip 543260, ex-date 2024-09-13 (https://www.bseindia.com/corporates/corporate_act.aspx)"
Industrial & Prudential Investment Company Ltd,90.0,73.8,6588.0,FY2025,2024-09-12,"Rs 1,104 Cr",0.1,"BSE Corporate Actions — scrip 501298, ex-date 2024-09-12 (https://www.bseindia.com/corporates/corporate_act.aspx)"
Aztec Fluids & Machinery Ltd,0.5,8.9,103.0,FY2025,2024-09-06,N/A,0.3,"BSE Corporate Actions — scrip 544177, ex-date 2024-09-06 (https://www.bseindia.com/corporates/corporate_act.aspx)"
Medi Assist Healthcare Services Ltd,4.0,57.5,347.2,FY2025,2024-09-06,"Rs 2,593 Cr",0.6,"BSE Corporate Actions — scrip 544088, ex-date 2024-09-06 (https://www.bseindia.com/corporates/corporate_act.aspx)"
Brisk Technovision Ltd,2.0,39.4,78.0,FY2025,2024-09-06,N/A,0.6,"BSE Corporate Actions — scrip 544101, ex-date 2024-09-06 (https://www.bseindia.com/corporates/corporate_act.aspx)"
Protean eGov Technologies Ltd,10.0,43.1,622.9,FY2025,2024-09-06,"Rs 2,543 Cr",0.8,"BSE Corporate Actions — scrip 544021, ex-date 2024-09-06 (https://www.bseindia.com/corporates/corporate_act.aspx)"
Krystal Integrated Services Ltd,1.5,3.6,602.5,FY2025,2024-09-02,Rs 842 Cr,0.5,"BSE Corporate Actions — scrip 544149, ex-date 2024-09-02 (https://www.bseindia.com/corporates/corporate_act.aspx)"
Jasch Gauging Technologies Ltd,2.5,7.7,478.8,FY2025,2024-08-30,N/A,0.5,"BSE Corporate Actions — scrip 544112, ex-date 2024-08-30 (https://www.bseindia.com/corporates/corporate_act.aspx)"
Gandhar Oil Refinery (India) Ltd,0.5,1.7,244.85,FY2025,2024-08-23,"Rs 2,411 Cr",0.7,"BSE Corporate Actions — scrip 544029, ex-date 2024-08-23 (https://www.bseindia.com/corporates/corporate_act.aspx)"
KFin Technologies Ltd,5.75,28.4,948.3,FY2025,2024-08-23,"Rs 16,405 Cr",1.7,"BSE Corporate Actions — scrip 543720, ex-date 2024-08-23 (https://www.bseindia.com/corporates/corporate_act.aspx)"
Rashi Peripherals Ltd,1.0,2.5,806.1,FY2025,2024-08-23,"Rs 5,272 Cr",0.5,"BSE Corporate Actions — scrip 544119, ex-date 2024-08-23 (https://www.bseindia.com/corporates/corporate_act.aspx)"
Credo Brands Marketing Ltd,0.5,6.9,84.35,FY2025,2024-08-21,Rs 551 Cr,0.7,"BSE Corporate Actions — scrip 544058, ex-date 2024-08-21 (https://www.bseindia.com/corporates/corporate_act.aspx)"
Gland Pharma Ltd,20.0,25.4,2425.4,FY2025,2024-08-16,"Rs 40,024 Cr",3.7,"BSE Corporate Actions — scrip 543245, ex-date 2024-08-16 (https://www.bseindia.com/corporates/corporate_act.aspx)"
Bharti Hexacom Ltd,4.0,11.5,1610.05,FY2025,2024-08-16,"Rs 80,725 Cr",0.3,"BSE Corporate Actions — scrip 544162, ex-date 2024-08-16 (https://www.bseindia.com/corporates/corporate_act.aspx)"
Capital Small Finance Bank Ltd,1.2,3.6,299.3,FY2025,2024-08-16,"Rs 1,364 Cr",0.5,"BSE Corporate Actions — scrip 544120, ex-date 2024-08-16 (https://www.bseindia.com/corporates/corporate_act.aspx)"
Transindia Real Estate Ltd,0.5,49.0,24.6,FY2025,2024-08-16,Rs 604 Cr,1.0,"BSE Corporate Actions — scrip 543955, ex-date 2024-08-16 (https://www.bseindia.com/corporates/corporate_act.aspx)"
KK Shah Hospitals Ltd,0.5,N/A,38.99,FY2025,2024-08-16,N/A,0.8,"BSE Corporate Actions — scrip 544013, ex-date 2024-08-16 (https://www.bseindia.com/corporates/corporate_act.aspx)"
ASK Automotive Ltd,1.0,8.6,514.05,FY2025,2024-08-09,"Rs 10,137 Cr",0.7,"BSE Corporate Actions — scrip 544022, ex-date 2024-08-09 (https://www.bseindia.com/corporates/corporate_act.aspx)"
R K Swamy Ltd,2.0,53.6,105.5,FY2025,2024-08-09,Rs 533 Cr,0.4,"BSE Corporate Actions — scrip 544136, ex-date 2024-08-09 (https://www.bseindia.com/corporates/corporate_act.aspx)"
Nuvama Wealth Management Ltd,81.5,262.2,1908.4,FY2025,2024-08-07,"Rs 35,098 Cr",0.9,"BSE Corporate Actions — scrip 543988, ex-date 2024-08-07 (https://www.bseindia.com/corporates/corporate_act.aspx)"
ESAF Small Finance Bank Ltd,0.7,N/A,38.64,FY2025,2024-08-07,"Rs 1,987 Cr",0.7,"BSE Corporate Actions — scrip 544020, ex-date 2024-08-07 (https://www.bseindia.com/corporates/corporate_act.aspx)"
Jupiter Life Line Hospitals Ltd,1.0,3.4,328.5,FY2025,2024-08-02,"Rs 10,643 Cr",0.9,"BSE Corporate Actions — scrip 543980, ex-date 2024-08-02 (https://www.bseindia.com/corporates/corporate_act.aspx)"
Goel Food Products Ltd,0.5,33.3,12.11,FY2025,2024-07-31,N/A,2.1,"BSE Corporate Actions — scrip 543538, ex-date 2024-07-31 (https://www.bseindia.com/corporates/corporate_act.aspx)"
Bondada Engineering Ltd,0.15,0.9,305.0,FY2025,2024-07-26,N/A,0.9,"BSE Corporate Actions — scrip 543971, ex-date 2024-07-26 (https://www.bseindia.com/corporates/corporate_act.aspx)"
Happy Forgings Ltd,4.0,12.5,1650.75,FY2025,2024-07-22,"Rs 15,582 Cr",0.6,"BSE Corporate Actions — scrip 544057, ex-date 2024-07-22 (https://www.bseindia.com/corporates/corporate_act.aspx)"
JSW Infrastructure Ltd,0.55,75.3,321.75,FY2025,2024-07-19,"Rs 74,840 Cr",0.8,"BSE Corporate Actions — scrip 543994, ex-date 2024-07-19 (https://www.bseindia.com/corporates/corporate_act.aspx)"
IRM Energy Ltd,1.5,10.8,258.45,FY2025,2024-07-12,"Rs 1,061 Cr",0.7,"BSE Corporate Actions — scrip 544004, ex-date 2024-07-12 (https://www.bseindia.com/corporates/corporate_act.aspx)"
Piramal Pharma Ltd,0.11,2.1,192.4,FY2025,2024-07-12,"Rs 25,595 Cr",1.7,"BSE Corporate Actions — scrip 543635, ex-date 2024-07-12 (https://www.bseindia.com/corporates/corporate_act.aspx)"
Utkarsh Small Finance Bank Ltd,0.5,N/A,14.5,FY2025,2024-07-12,"Rs 2,577 Cr",1.0,"BSE Corporate Actions — scrip 543942, ex-date 2024-07-12 (https://www.bseindia.com/corporates/corporate_act.aspx)"
GHCL Textiles Ltd,0.5,6.8,116.17,FY2025,2024-07-01,"Rs 1,110 Cr",1.1,"BSE Corporate Actions — scrip 543918, ex-date 2024-07-01 (https://www.bseindia.com/corporates/corporate_act.aspx)"
Aeroflex Industries Ltd,0.25,6.0,415.45,FY2025,2024-06-28,"Rs 5,518 Cr",0.8,"BSE Corporate Actions — scrip 543972, ex-date 2024-06-28 (https://www.bseindia.com/corporates/corporate_act.aspx)"
Concord Biotech Ltd,8.75,34.8,1257.0,FY2025,2024-06-21,"Rs 13,113 Cr",0.8,"BSE Corporate Actions — scrip 543960, ex-date 2024-06-21 (https://www.bseindia.com/corporates/corporate_act.aspx)"
Tata Technologies Ltd,8.4,63.2,712.65,FY2025,2024-06-13,"Rs 28,945 Cr",0.5,"BSE Corporate Actions — scrip 544028, ex-date 2024-06-13 (https://www.bseindia.com/corporates/corporate_act.aspx)"
Clara Industries Ltd,0.5,71.4,33.12,FY2025,2024-06-06,N/A,2.4,"BSE Corporate Actions — scrip 543435, ex-date 2024-06-06 (https://www.bseindia.com/corporates/corporate_act.aspx)"
Mafia Trends Ltd,0.1,9.3,5.29,FY2025,2024-05-03,N/A,1.6,"BSE Corporate Actions — scrip 543613, ex-date 2024-05-03 (https://www.bseindia.com/corporates/corporate_act.aspx)"
Sundaram-Clayton Ltd,5.15,2.1,1390.4,FY2025,2024-04-04,"Rs 3,065 Cr",0.3,"BSE Corporate Actions — scrip 544066, ex-date 2024-04-04 (https://www.bseindia.com/corporates/corporate_act.aspx)"
GPT Healthcare Ltd,1.0,19.4,165.15,FY2025,2024-04-02,"Rs 1,362 Cr",0.1,"BSE Corporate Actions — scrip 544131, ex-date 2024-04-02 (https://www.bseindia.com/corporates/corporate_act.aspx)"
